<?xml version="1.0" encoding="utf-8"?>
<updates>
    <update>
        <name>lib_xef</name>
        <description>ThemeXpert Extension Framework</description>
        <element>lib_xef</element>
        <type>module</type>
        <version>1.7.3</version>
        <client>site</client>
        <infourl title="ThemeXpert Extension Framework Package">
            https://github.com/themexpert/xef
        </infourl>
        <downloads>
            <downloadurl type="full" format="zip">https://github.com/themexpert/xef/archive/refs/heads/master.zip</downloadurl>
        </downloads>
        <tags>
            <tag>stable</tag>
        </tags>
        <targetplatform name="joomla" version="3.[456789]" />
    </update>
</updates>
